initial_alias,converted_alias,name,description,namespace
SLC25A5,ENSG00000005022,SLC25A5,solute carrier family 25 member 5 [Source:HGNC Symbol;Acc:HGNC:10991],"ENTREZGENE,HGNC,UNIPROT_GN,WIKIGENE"
SLC25A5,ENSG00000005022,SLC25A5,solute carrier family 25 member 5 [Source:HGNC Symbol;Acc:HGNC:10991],"ENTREZGENE,HGNC,UNIPROT_GN,WIKIGENE"
LIG3,ENSG00000005156,LIG3,DNA ligase 3 [Source:HGNC Symbol;Acc:HGNC:6600],"ENTREZGENE,HGNC,UNIPROT_GN,WIKIGENE"
PAFAH1B1,ENSG00000007168,PAFAH1B1,platelet activating factor acetylhydrolase 1b regulatory subunit 1 [Source:HGNC Symbol;Acc:HGNC:8574],"ENTREZGENE,HGNC,UNIPROT_GN,WIKIGENE"
CACNA2D2,ENSG00000007402,CACNA2D2,calcium voltage-gated channel auxiliary subunit alpha2delta 2 [Source:HGNC Symbol;Acc:HGNC:1400],"ENTREZGENE,HGNC,UNIPROT_GN,WIKIGENE"
JARID2,ENSG00000008083,JARID2,jumonji and AT-rich interaction domain containing 2 [Source:HGNC Symbol;Acc:HGNC:6196],"ENTREZGENE,HGNC,UNIPROT_GN,WIKIGENE"
FYN,ENSG00000010810,FYN,"FYN proto-oncogene, Src family tyrosine kinase [Source:HGNC Symbol;Acc:HGNC:4037]","ENTREZGENE,HGNC,UNIPROT_GN,WIKIGENE"
FYN,ENSG00000010810,FYN,"FYN proto-oncogene, Src family tyrosine kinase [Source:HGNC Symbol;Acc:HGNC:4037]","ENTREZGENE,HGNC,UNIPROT_GN,WIKIGENE"
HIVEP2,ENSG00000010818,HIVEP2,HIVEP zinc finger 2 [Source:HGNC Symbol;Acc:HGNC:4921],"ENTREZGENE,HGNC,UNIPROT_GN,WIKIGENE"
HIVEP2,ENSG00000010818,HIVEP2,HIVEP zinc finger 2 [Source:HGNC Symbol;Acc:HGNC:4921],"ENTREZGENE,HGNC,UNIPROT_GN,WIKIGENE"
PTBP1,ENSG00000011304,PTBP1,polypyrimidine tract binding protein 1 [Source:HGNC Symbol;Acc:HGNC:9583],"ENTREZGENE,HGNC,UNIPROT_GN,WIKIGENE"
POLA2,ENSG00000014138,POLA2,"DNA polymerase alpha 2, accessory subunit [Source:HGNC Symbol;Acc:HGNC:30073]","ENTREZGENE,HGNC,UNIPROT_GN,WIKIGENE"
CNTN1,ENSG00000018236,CNTN1,contactin 1 [Source:HGNC Symbol;Acc:HGNC:2171],"ENTREZGENE,HGNC,UNIPROT_GN,WIKIGENE"
MARCO,ENSG00000019169,MARCO,macrophage receptor with collagenous structure [Source:HGNC Symbol;Acc:HGNC:6895],"ENTREZGENE,HGNC,UNIPROT_GN,WIKIGENE"
SYT13,ENSG00000019505,SYT13,synaptotagmin 13 [Source:HGNC Symbol;Acc:HGNC:14962],"ENTREZGENE,HGNC,UNIPROT_GN,WIKIGENE"
SNAPC1,ENSG00000023608,SNAPC1,small nuclear RNA activating complex polypeptide 1 [Source:HGNC Symbol;Acc:HGNC:11134],"ENTREZGENE,HGNC,UNIPROT_GN,WIKIGENE"
SNAPC1,ENSG00000023608,SNAPC1,small nuclear RNA activating complex polypeptide 1 [Source:HGNC Symbol;Acc:HGNC:11134],"ENTREZGENE,HGNC,UNIPROT_GN,WIKIGENE"
PHF20,ENSG00000025293,PHF20,PHD finger protein 20 [Source:HGNC Symbol;Acc:HGNC:16098],"ENTREZGENE,HGNC,UNIPROT_GN,WIKIGENE"
CD44,ENSG00000026508,CD44,CD44 molecule (Indian blood group) [Source:HGNC Symbol;Acc:HGNC:1681],"ENTREZGENE,HGNC,UNIPROT_GN,WIKIGENE"
AGPAT4,ENSG00000026652,AGPAT4,1-acylglycerol-3-phosphate O-acyltransferase 4 [Source:HGNC Symbol;Acc:HGNC:20885],"ENTREZGENE,HGNC,UNIPROT_GN,WIKIGENE"
PRKCH,ENSG00000027075,PRKCH,protein kinase C eta [Source:HGNC Symbol;Acc:HGNC:9403],"ENTREZGENE,HGNC,UNIPROT_GN,WIKIGENE"
RAD51,ENSG00000051180,RAD51,RAD51 recombinase [Source:HGNC Symbol;Acc:HGNC:9817],"ENTREZGENE,HGNC,UNIPROT_GN,WIKIGENE"
HEBP2,ENSG00000051620,HEBP2,heme binding protein 2 [Source:HGNC Symbol;Acc:HGNC:15716],"ENTREZGENE,HGNC,UNIPROT_GN,WIKIGENE"
MTMR1,ENSG00000063601,MTMR1,myotubularin related protein 1 [Source:HGNC Symbol;Acc:HGNC:7449],"ENTREZGENE,HGNC,UNIPROT_GN,WIKIGENE"
WDR18,ENSG00000065268,WDR18,WD repeat domain 18 [Source:HGNC Symbol;Acc:HGNC:17956],"ENTREZGENE,HGNC,UNIPROT_GN,WIKIGENE"
MAP2K4,ENSG00000065559,MAP2K4,mitogen-activated protein kinase kinase 4 [Source:HGNC Symbol;Acc:HGNC:6844],"ENTREZGENE,HGNC,UNIPROT_GN,WIKIGENE"
PRKCZ,ENSG00000067606,PRKCZ,protein kinase C zeta [Source:HGNC Symbol;Acc:HGNC:9412],"ENTREZGENE,HGNC,UNIPROT_GN,WIKIGENE"
PRKCZ,ENSG00000067606,PRKCZ,protein kinase C zeta [Source:HGNC Symbol;Acc:HGNC:9412],"ENTREZGENE,HGNC,UNIPROT_GN,WIKIGENE"
ACSL4,ENSG00000068366,ACSL4,acyl-CoA synthetase long chain family member 4 [Source:HGNC Symbol;Acc:HGNC:3571],"ENTREZGENE,HGNC,UNIPROT_GN,WIKIGENE"
CPSF1,ENSG00000071894,CPSF1,cleavage and polyadenylation specific factor 1 [Source:HGNC Symbol;Acc:HGNC:2324],"ENTREZGENE,HGNC,UNIPROT_GN,WIKIGENE"
EPN2,ENSG00000072134,EPN2,epsin 2 [Source:HGNC Symbol;Acc:HGNC:18639],"ENTREZGENE,HGNC,UNIPROT_GN,WIKIGENE"
EPN2,ENSG00000072134,EPN2,epsin 2 [Source:HGNC Symbol;Acc:HGNC:18639],"ENTREZGENE,HGNC,UNIPROT_GN,WIKIGENE"
MCM2,ENSG00000073111,MCM2,minichromosome maintenance complex component 2 [Source:HGNC Symbol;Acc:HGNC:6944],"ENTREZGENE,HGNC,UNIPROT_GN,WIKIGENE"
MCM2,ENSG00000073111,MCM2,minichromosome maintenance complex component 2 [Source:HGNC Symbol;Acc:HGNC:6944],"ENTREZGENE,HGNC,UNIPROT_GN,WIKIGENE"
IGF2BP2,ENSG00000073792,IGF2BP2,insulin like growth factor 2 mRNA binding protein 2 [Source:HGNC Symbol;Acc:HGNC:28867],"ENTREZGENE,HGNC,UNIPROT_GN,WIKIGENE"
ST6GAL1,ENSG00000073849,ST6GAL1,"ST6 beta-galactoside alpha-2,6-sialyltransferase 1 [Source:HGNC Symbol;Acc:HGNC:10860]","ENTREZGENE,HGNC,UNIPROT_GN,WIKIGENE"
TIPIN,ENSG00000075131,TIPIN,TIMELESS interacting protein [Source:HGNC Symbol;Acc:HGNC:30750],"ENTREZGENE,HGNC,UNIPROT_GN,WIKIGENE"
MAP2,ENSG00000078018,MAP2,microtubule associated protein 2 [Source:HGNC Symbol;Acc:HGNC:6839],"ENTREZGENE,HGNC,UNIPROT_GN,WIKIGENE"
SYNJ2,ENSG00000078269,SYNJ2,synaptojanin 2 [Source:HGNC Symbol;Acc:HGNC:11504],"ENTREZGENE,HGNC,UNIPROT_GN,WIKIGENE"
GNB1,ENSG00000078369,GNB1,G protein subunit beta 1 [Source:HGNC Symbol;Acc:HGNC:4396],"ENTREZGENE,HGNC,UNIPROT_GN,WIKIGENE"
GNB1,ENSG00000078369,GNB1,G protein subunit beta 1 [Source:HGNC Symbol;Acc:HGNC:4396],"ENTREZGENE,HGNC,UNIPROT_GN,WIKIGENE"
PTPRH,ENSG00000080031,PTPRH,protein tyrosine phosphatase receptor type H [Source:HGNC Symbol;Acc:HGNC:9672],"ENTREZGENE,HGNC,UNIPROT_GN,WIKIGENE"
EPB41L3,ENSG00000082397,EPB41L3,erythrocyte membrane protein band 4.1 like 3 [Source:HGNC Symbol;Acc:HGNC:3380],"ENTREZGENE,HGNC,UNIPROT_GN,WIKIGENE"
EPB41L3,ENSG00000082397,EPB41L3,erythrocyte membrane protein band 4.1 like 3 [Source:HGNC Symbol;Acc:HGNC:3380],"ENTREZGENE,HGNC,UNIPROT_GN,WIKIGENE"
ULK2,ENSG00000083290,ULK2,unc-51 like autophagy activating kinase 2 [Source:HGNC Symbol;Acc:HGNC:13480],"ENTREZGENE,HGNC,UNIPROT_GN,WIKIGENE"
ULK2,ENSG00000083290,ULK2,unc-51 like autophagy activating kinase 2 [Source:HGNC Symbol;Acc:HGNC:13480],"ENTREZGENE,HGNC,UNIPROT_GN,WIKIGENE"
PREP,ENSG00000085377,PREP,prolyl endopeptidase [Source:HGNC Symbol;Acc:HGNC:9358],"ENTREZGENE,HGNC,UNIPROT_GN,WIKIGENE"
ABCB1,ENSG00000085563,ABCB1,ATP binding cassette subfamily B member 1 [Source:HGNC Symbol;Acc:HGNC:40],"ENTREZGENE,HGNC,UNIPROT_GN,WIKIGENE"
RAD54L,ENSG00000085999,RAD54L,RAD54 like [Source:HGNC Symbol;Acc:HGNC:9826],"ENTREZGENE,HGNC,UNIPROT_GN,WIKIGENE"
RAP80,ENSG00000087206,UIMC1,ubiquitin interaction motif containing 1 [Source:HGNC Symbol;Acc:HGNC:30298],UNIPROT_GN
EPB41L1,ENSG00000088367,EPB41L1,erythrocyte membrane protein band 4.1 like 1 [Source:HGNC Symbol;Acc:HGNC:3378],"ENTREZGENE,HGNC,UNIPROT_GN,WIKIGENE"
BIRC5,ENSG00000089685,BIRC5,baculoviral IAP repeat containing 5 [Source:HGNC Symbol;Acc:HGNC:593],"ENTREZGENE,HGNC,UNIPROT_GN,WIKIGENE"
BIRC5,ENSG00000089685,BIRC5,baculoviral IAP repeat containing 5 [Source:HGNC Symbol;Acc:HGNC:593],"ENTREZGENE,HGNC,UNIPROT_GN,WIKIGENE"
KIF4A,ENSG00000090889,KIF4A,kinesin family member 4A [Source:HGNC Symbol;Acc:HGNC:13339],"ENTREZGENE,HGNC,UNIPROT_GN,WIKIGENE"
PUS7,ENSG00000091127,PUS7,pseudouridine synthase 7 [Source:HGNC Symbol;Acc:HGNC:26033],"ENTREZGENE,HGNC,UNIPROT_GN,WIKIGENE"
NRCAM,ENSG00000091129,NRCAM,neuronal cell adhesion molecule [Source:HGNC Symbol;Acc:HGNC:7994],"ENTREZGENE,HGNC,UNIPROT_GN,WIKIGENE"
NRCAM,ENSG00000091129,NRCAM,neuronal cell adhesion molecule [Source:HGNC Symbol;Acc:HGNC:7994],"ENTREZGENE,HGNC,UNIPROT_GN,WIKIGENE"
HNRNPC,ENSG00000092199,HNRNPC,heterogeneous nuclear ribonucleoprotein C [Source:HGNC Symbol;Acc:HGNC:5035],"ENTREZGENE,HGNC,UNIPROT_GN,WIKIGENE"
WDR76,ENSG00000092470,WDR76,WD repeat domain 76 [Source:HGNC Symbol;Acc:HGNC:25773],"ENTREZGENE,HGNC,UNIPROT_GN,WIKIGENE"
PHGDH,ENSG00000092621,PHGDH,phosphoglycerate dehydrogenase [Source:HGNC Symbol;Acc:HGNC:8923],"ENTREZGENE,HGNC,UNIPROT_GN,WIKIGENE"
CYP26A1,ENSG00000095596,CYP26A1,cytochrome P450 family 26 subfamily A member 1 [Source:HGNC Symbol;Acc:HGNC:2603],"ENTREZGENE,HGNC,UNIPROT_GN,WIKIGENE"
MTAP,ENSG00000099810,MTAP,methylthioadenosine phosphorylase [Source:HGNC Symbol;Acc:HGNC:7413],"ENTREZGENE,HGNC,UNIPROT_GN,WIKIGENE"
MMP11,ENSG00000099953,MMP11,matrix metallopeptidase 11 [Source:HGNC Symbol;Acc:HGNC:7157],"ENTREZGENE,HGNC,UNIPROT_GN,WIKIGENE"
GTPBP1,ENSG00000100226,GTPBP1,GTP binding protein 1 [Source:HGNC Symbol;Acc:HGNC:4669],"ENTREZGENE,HGNC,UNIPROT_GN,WIKIGENE"
MCM5,ENSG00000100297,MCM5,minichromosome maintenance complex component 5 [Source:HGNC Symbol;Acc:HGNC:6948],"ENTREZGENE,HGNC,UNIPROT_GN,WIKIGENE"
FOXRED2,ENSG00000100350,FOXRED2,FAD dependent oxidoreductase domain containing 2 [Source:HGNC Symbol;Acc:HGNC:26264],"ENTREZGENE,HGNC,UNIPROT_GN,WIKIGENE"
POLE2,ENSG00000100479,POLE2,"DNA polymerase epsilon 2, accessory subunit [Source:HGNC Symbol;Acc:HGNC:9178]","ENTREZGENE,HGNC,UNIPROT_GN,WIKIGENE"
CDKN3,ENSG00000100526,CDKN3,cyclin dependent kinase inhibitor 3 [Source:HGNC Symbol;Acc:HGNC:1791],"ENTREZGENE,HGNC,UNIPROT_GN,WIKIGENE"
CDKN3,ENSG00000100526,CDKN3,cyclin dependent kinase inhibitor 3 [Source:HGNC Symbol;Acc:HGNC:1791],"ENTREZGENE,HGNC,UNIPROT_GN,WIKIGENE"
CHGA,ENSG00000100604,CHGA,chromogranin A [Source:HGNC Symbol;Acc:HGNC:1929],"ENTREZGENE,HGNC,UNIPROT_GN,WIKIGENE"
AHCY,ENSG00000101444,AHCY,adenosylhomocysteinase [Source:HGNC Symbol;Acc:HGNC:343],"ENTREZGENE,HGNC,UNIPROT_GN,WIKIGENE"
AHCY,ENSG00000101444,AHCY,adenosylhomocysteinase [Source:HGNC Symbol;Acc:HGNC:343],"ENTREZGENE,HGNC,UNIPROT_GN,WIKIGENE"
AHCY,ENSG00000101444,AHCY,adenosylhomocysteinase [Source:HGNC Symbol;Acc:HGNC:343],"ENTREZGENE,HGNC,UNIPROT_GN,WIKIGENE"
PGK1,ENSG00000102144,PGK1,phosphoglycerate kinase 1 [Source:HGNC Symbol;Acc:HGNC:8896],"ENTREZGENE,HGNC,UNIPROT_GN,WIKIGENE"
ARHGEF7,ENSG00000102606,ARHGEF7,Rho guanine nucleotide exchange factor 7 [Source:HGNC Symbol;Acc:HGNC:15607],"ENTREZGENE,HGNC,UNIPROT_GN,WIKIGENE"
ARHGEF7,ENSG00000102606,ARHGEF7,Rho guanine nucleotide exchange factor 7 [Source:HGNC Symbol;Acc:HGNC:15607],"ENTREZGENE,HGNC,UNIPROT_GN,WIKIGENE"
N4BP1,ENSG00000102921,N4BP1,NEDD4 binding protein 1 [Source:HGNC Symbol;Acc:HGNC:29850],"ENTREZGENE,HGNC,UNIPROT_GN,WIKIGENE"
OIP5,ENSG00000104147,OIP5,Opa interacting protein 5 [Source:HGNC Symbol;Acc:HGNC:20300],"ENTREZGENE,HGNC,UNIPROT_GN,WIKIGENE"
PLAT,ENSG00000104368,PLAT,"plasminogen activator, tissue type [Source:HGNC Symbol;Acc:HGNC:9051]","ENTREZGENE,HGNC,UNIPROT_GN,WIKIGENE"
PLAT,ENSG00000104368,PLAT,"plasminogen activator, tissue type [Source:HGNC Symbol;Acc:HGNC:9051]","ENTREZGENE,HGNC,UNIPROT_GN,WIKIGENE"
STMN2,ENSG00000104435,STMN2,stathmin 2 [Source:HGNC Symbol;Acc:HGNC:10577],"ENTREZGENE,HGNC,UNIPROT_GN,WIKIGENE"
AMH,ENSG00000104899,AMH,anti-Mullerian hormone [Source:HGNC Symbol;Acc:HGNC:464],"ENTREZGENE,HGNC,UNIPROT_GN,WIKIGENE"
PTN,ENSG00000105894,PTN,pleiotrophin [Source:HGNC Symbol;Acc:HGNC:9630],"ENTREZGENE,HGNC,UNIPROT_GN,WIKIGENE"
PTN,ENSG00000105894,PTN,pleiotrophin [Source:HGNC Symbol;Acc:HGNC:9630],"ENTREZGENE,HGNC,UNIPROT_GN,WIKIGENE"
POLD2,ENSG00000106628,POLD2,"DNA polymerase delta 2, accessory subunit [Source:HGNC Symbol;Acc:HGNC:9176]","ENTREZGENE,HGNC,UNIPROT_GN,WIKIGENE"
GATA3,ENSG00000107485,GATA3,GATA binding protein 3 [Source:HGNC Symbol;Acc:HGNC:4172],"ENTREZGENE,HGNC,UNIPROT_GN,WIKIGENE"
PPIF,ENSG00000108179,PPIF,peptidylprolyl isomerase F [Source:HGNC Symbol;Acc:HGNC:9259],"ENTREZGENE,HGNC,UNIPROT_GN,WIKIGENE"
RUNDC3A,ENSG00000108309,RUNDC3A,RUN domain containing 3A [Source:HGNC Symbol;Acc:HGNC:16984],"ENTREZGENE,HGNC,UNIPROT_GN,WIKIGENE"
CAMTA2,ENSG00000108509,CAMTA2,calmodulin binding transcription activator 2 [Source:HGNC Symbol;Acc:HGNC:18807],"ENTREZGENE,HGNC,UNIPROT_GN,WIKIGENE"
CAMTA2,ENSG00000108509,CAMTA2,calmodulin binding transcription activator 2 [Source:HGNC Symbol;Acc:HGNC:18807],"ENTREZGENE,HGNC,UNIPROT_GN,WIKIGENE"
LRRC59,ENSG00000108829,LRRC59,leucine rich repeat containing 59 [Source:HGNC Symbol;Acc:HGNC:28817],"ENTREZGENE,HGNC,UNIPROT_GN,WIKIGENE"
RND2,ENSG00000108830,RND2,Rho family GTPase 2 [Source:HGNC Symbol;Acc:HGNC:18315],"ENTREZGENE,HGNC,UNIPROT_GN,WIKIGENE"
WSB1,ENSG00000109046,WSB1,WD repeat and SOCS box containing 1 [Source:HGNC Symbol;Acc:HGNC:19221],"ENTREZGENE,HGNC,UNIPROT_GN,WIKIGENE"
WSB1,ENSG00000109046,WSB1,WD repeat and SOCS box containing 1 [Source:HGNC Symbol;Acc:HGNC:19221],"ENTREZGENE,HGNC,UNIPROT_GN,WIKIGENE"
IFT20,ENSG00000109083,IFT20,intraflagellar transport 20 [Source:HGNC Symbol;Acc:HGNC:30989],"ENTREZGENE,HGNC,UNIPROT_GN,WIKIGENE"
PMP22,ENSG00000109099,PMP22,peripheral myelin protein 22 [Source:HGNC Symbol;Acc:HGNC:9118],"ENTREZGENE,HGNC,UNIPROT_GN,WIKIGENE"
PMP22,ENSG00000109099,PMP22,peripheral myelin protein 22 [Source:HGNC Symbol;Acc:HGNC:9118],"ENTREZGENE,HGNC,UNIPROT_GN,WIKIGENE"
GAR1,ENSG00000109534,GAR1,GAR1 ribonucleoprotein [Source:HGNC Symbol;Acc:HGNC:14264],"ENTREZGENE,HGNC,UNIPROT_GN,WIKIGENE"
UNC93B1,ENSG00000110057,UNC93B1,"unc-93 homolog B1, TLR signaling regulator [Source:HGNC Symbol;Acc:HGNC:13481]","ENTREZGENE,HGNC,UNIPROT_GN,WIKIGENE"
RAD51AP1,ENSG00000111247,RAD51AP1,RAD51 associated protein 1 [Source:HGNC Symbol;Acc:HGNC:16956],"ENTREZGENE,HGNC,UNIPROT_GN,WIKIGENE"
NT5DC3,ENSG00000111696,NT5DC3,5'-nucleotidase domain containing 3 [Source:HGNC Symbol;Acc:HGNC:30826],"ENTREZGENE,HGNC,UNIPROT_GN,WIKIGENE"
MCM3,ENSG00000112118,MCM3,minichromosome maintenance complex component 3 [Source:HGNC Symbol;Acc:HGNC:6945],"ENTREZGENE,HGNC,UNIPROT_GN,WIKIGENE"
SRF,ENSG00000112658,SRF,serum response factor [Source:HGNC Symbol;Acc:HGNC:11291],"ENTREZGENE,HGNC,UNIPROT_GN,WIKIGENE"
SLC29A1,ENSG00000112759,SLC29A1,solute carrier family 29 member 1 (Augustine blood group) [Source:HGNC Symbol;Acc:HGNC:11003],"ENTREZGENE,HGNC,UNIPROT_GN,WIKIGENE"
DPYSL3,ENSG00000113657,DPYSL3,dihydropyrimidinase like 3 [Source:HGNC Symbol;Acc:HGNC:3015],"ENTREZGENE,HGNC,UNIPROT_GN,WIKIGENE"
DPYSL3,ENSG00000113657,DPYSL3,dihydropyrimidinase like 3 [Source:HGNC Symbol;Acc:HGNC:3015],"ENTREZGENE,HGNC,UNIPROT_GN,WIKIGENE"
DPYSL3,ENSG00000113657,DPYSL3,dihydropyrimidinase like 3 [Source:HGNC Symbol;Acc:HGNC:3015],"ENTREZGENE,HGNC,UNIPROT_GN,WIKIGENE"
FAM162A,ENSG00000114023,FAM162A,family with sequence similarity 162 member A [Source:HGNC Symbol;Acc:HGNC:17865],"ENTREZGENE,HGNC,UNIPROT_GN,WIKIGENE"
PCCB,ENSG00000114054,PCCB,propionyl-CoA carboxylase subunit beta [Source:HGNC Symbol;Acc:HGNC:8654],"ENTREZGENE,HGNC,UNIPROT_GN,WIKIGENE"
RBP1,ENSG00000114115,RBP1,retinol binding protein 1 [Source:HGNC Symbol;Acc:HGNC:9919],"ENTREZGENE,HGNC,UNIPROT_GN,WIKIGENE"
IQCG,ENSG00000114473,IQCG,IQ motif containing G [Source:HGNC Symbol;Acc:HGNC:25251],"ENTREZGENE,HGNC,UNIPROT_GN,WIKIGENE"
MRPL3,ENSG00000114686,MRPL3,mitochondrial ribosomal protein L3 [Source:HGNC Symbol;Acc:HGNC:10379],"ENTREZGENE,HGNC,UNIPROT_GN,WIKIGENE"
MRPL3,ENSG00000114686,MRPL3,mitochondrial ribosomal protein L3 [Source:HGNC Symbol;Acc:HGNC:10379],"ENTREZGENE,HGNC,UNIPROT_GN,WIKIGENE"
IGFBP5,ENSG00000115461,IGFBP5,insulin like growth factor binding protein 5 [Source:HGNC Symbol;Acc:HGNC:5474],"ENTREZGENE,HGNC,UNIPROT_GN,WIKIGENE"
ODC1,ENSG00000115758,ODC1,ornithine decarboxylase 1 [Source:HGNC Symbol;Acc:HGNC:8109],"ENTREZGENE,HGNC,UNIPROT_GN,WIKIGENE"
ODC1,ENSG00000115758,ODC1,ornithine decarboxylase 1 [Source:HGNC Symbol;Acc:HGNC:8109],"ENTREZGENE,HGNC,UNIPROT_GN,WIKIGENE"
QPCT,ENSG00000115828,QPCT,glutaminyl-peptide cyclotransferase [Source:HGNC Symbol;Acc:HGNC:9753],"ENTREZGENE,HGNC,UNIPROT_GN,WIKIGENE"
TRAK2,ENSG00000115993,TRAK2,trafficking kinesin protein 2 [Source:HGNC Symbol;Acc:HGNC:13206],"ENTREZGENE,HGNC,UNIPROT_GN,WIKIGENE"
MSH6,ENSG00000116062,MSH6,mutS homolog 6 [Source:HGNC Symbol;Acc:HGNC:7329],"ENTREZGENE,HGNC,UNIPROT_GN,WIKIGENE"
PLEKHA3,ENSG00000116095,PLEKHA3,pleckstrin homology domain containing A3 [Source:HGNC Symbol;Acc:HGNC:14338],"ENTREZGENE,HGNC,UNIPROT_GN,WIKIGENE"
GPX7,ENSG00000116157,GPX7,glutathione peroxidase 7 [Source:HGNC Symbol;Acc:HGNC:4559],"ENTREZGENE,HGNC,UNIPROT_GN,WIKIGENE"
CHD5,ENSG00000116254,CHD5,chromodomain helicase DNA binding protein 5 [Source:HGNC Symbol;Acc:HGNC:16816],"ENTREZGENE,HGNC,UNIPROT_GN,WIKIGENE"
CHD5,ENSG00000116254,CHD5,chromodomain helicase DNA binding protein 5 [Source:HGNC Symbol;Acc:HGNC:16816],"ENTREZGENE,HGNC,UNIPROT_GN,WIKIGENE"
WDR77,ENSG00000116455,WDR77,WD repeat domain 77 [Source:HGNC Symbol;Acc:HGNC:29652],"ENTREZGENE,HGNC,UNIPROT_GN,WIKIGENE"
PRDM2,ENSG00000116731,PRDM2,PR/SET domain 2 [Source:HGNC Symbol;Acc:HGNC:9347],"ENTREZGENE,HGNC,UNIPROT_GN,WIKIGENE"
OSCP1,ENSG00000116885,OSCP1,organic solute carrier partner 1 [Source:HGNC Symbol;Acc:HGNC:29971],"ENTREZGENE,HGNC,UNIPROT_GN,WIKIGENE"
PRDX6,ENSG00000117592,PRDX6,peroxiredoxin 6 [Source:HGNC Symbol;Acc:HGNC:16753],"ENTREZGENE,HGNC,UNIPROT_GN,WIKIGENE"
PLAGL1,ENSG00000118495,PLAGL1,PLAG1 like zinc finger 1 [Source:HGNC Symbol;Acc:HGNC:9046],"ENTREZGENE,HGNC,UNIPROT_GN,WIKIGENE"
PLAGL1,ENSG00000118495,PLAGL1,PLAG1 like zinc finger 1 [Source:HGNC Symbol;Acc:HGNC:9046],"ENTREZGENE,HGNC,UNIPROT_GN,WIKIGENE"
RNF146,ENSG00000118518,RNF146,ring finger protein 146 [Source:HGNC Symbol;Acc:HGNC:21336],"ENTREZGENE,HGNC,UNIPROT_GN,WIKIGENE"
CCNI,ENSG00000118816,CCNI,cyclin I [Source:HGNC Symbol;Acc:HGNC:1595],"ENTREZGENE,HGNC,UNIPROT_GN,WIKIGENE"
CNNM1,ENSG00000119946,CNNM1,cyclin and CBS domain divalent metal cation transport mediator 1 [Source:HGNC Symbol;Acc:HGNC:102],"ENTREZGENE,HGNC,UNIPROT_GN,WIKIGENE"
TCTN3,ENSG00000119977,TCTN3,tectonic family member 3 [Source:HGNC Symbol;Acc:HGNC:24519],"ENTREZGENE,HGNC,UNIPROT_GN,WIKIGENE"
EGR1,ENSG00000120738,EGR1,early growth response 1 [Source:HGNC Symbol;Acc:HGNC:3238],"ENTREZGENE,HGNC,UNIPROT_GN,WIKIGENE"
CLU,ENSG00000120885,CLU,clusterin [Source:HGNC Symbol;Acc:HGNC:2095],"ENTREZGENE,HGNC,UNIPROT_GN,WIKIGENE"
TBX2,ENSG00000121068,TBX2,T-box transcription factor 2 [Source:HGNC Symbol;Acc:HGNC:11597],"ENTREZGENE,HGNC,UNIPROT_GN,WIKIGENE"
NCAPH,ENSG00000121152,NCAPH,non-SMC condensin I complex subunit H [Source:HGNC Symbol;Acc:HGNC:1112],"ENTREZGENE,HGNC,UNIPROT_GN,WIKIGENE"
HJURP,ENSG00000123485,HJURP,Holliday junction recognition protein [Source:HGNC Symbol;Acc:HGNC:25444],"ENTREZGENE,HGNC,UNIPROT_GN,WIKIGENE"
XPO5,ENSG00000124571,XPO5,exportin 5 [Source:HGNC Symbol;Acc:HGNC:17675],"ENTREZGENE,HGNC,UNIPROT_GN,WIKIGENE"
CDKN1A,ENSG00000124762,CDKN1A,cyclin dependent kinase inhibitor 1A [Source:HGNC Symbol;Acc:HGNC:1784],"ENTREZGENE,HGNC,UNIPROT_GN,WIKIGENE"
EIF2S2,ENSG00000125977,EIF2S2,eukaryotic translation initiation factor 2 subunit beta [Source:HGNC Symbol;Acc:HGNC:3266],"ENTREZGENE,HGNC,UNIPROT_GN,WIKIGENE"
THRA,ENSG00000126351,THRA,thyroid hormone receptor alpha [Source:HGNC Symbol;Acc:HGNC:11796],"ENTREZGENE,HGNC,UNIPROT_GN,WIKIGENE"
PRMT1,ENSG00000126457,PRMT1,protein arginine methyltransferase 1 [Source:HGNC Symbol;Acc:HGNC:5187],"ENTREZGENE,HGNC,UNIPROT_GN,WIKIGENE"
MAP2K2,ENSG00000126934,MAP2K2,mitogen-activated protein kinase kinase 2 [Source:HGNC Symbol;Acc:HGNC:6842],"ENTREZGENE,HGNC,UNIPROT_GN,WIKIGENE"
PAICS,ENSG00000128050,PAICS,phosphoribosylaminoimidazole carboxylase and phosphoribosylaminoimidazolesuccinocarboxamide synthase [Source:HGNC Symbol;Acc:HGNC:8587],"ENTREZGENE,HGNC,UNIPROT_GN,WIKIGENE"
PAICS,ENSG00000128050,PAICS,phosphoribosylaminoimidazole carboxylase and phosphoribosylaminoimidazolesuccinocarboxamide synthase [Source:HGNC Symbol;Acc:HGNC:8587],"ENTREZGENE,HGNC,UNIPROT_GN,WIKIGENE"
GNAZ,ENSG00000128266,GNAZ,G protein subunit alpha z [Source:HGNC Symbol;Acc:HGNC:4395],"ENTREZGENE,HGNC,UNIPROT_GN,WIKIGENE"
DOCK4,ENSG00000128512,DOCK4,dedicator of cytokinesis 4 [Source:HGNC Symbol;Acc:HGNC:19192],"ENTREZGENE,HGNC,UNIPROT_GN,WIKIGENE"
VGF,ENSG00000128564,VGF,VGF nerve growth factor inducible [Source:HGNC Symbol;Acc:HGNC:12684],"ENTREZGENE,HGNC,UNIPROT_GN,WIKIGENE"
HERC2,ENSG00000128731,HERC2,HECT and RLD domain containing E3 ubiquitin protein ligase 2 [Source:HGNC Symbol;Acc:HGNC:4868],"ENTREZGENE,HGNC,UNIPROT_GN,WIKIGENE"
CALML4,ENSG00000129007,CALML4,calmodulin like 4 [Source:HGNC Symbol;Acc:HGNC:18445],"ENTREZGENE,HGNC,UNIPROT_GN,WIKIGENE"
E2F8,ENSG00000129173,E2F8,E2F transcription factor 8 [Source:HGNC Symbol;Acc:HGNC:24727],"ENTREZGENE,HGNC,UNIPROT_GN,WIKIGENE"
NCAN,ENSG00000130287,NCAN,neurocan [Source:HGNC Symbol;Acc:HGNC:2465],"ENTREZGENE,HGNC,UNIPROT_GN,WIKIGENE"
NCAN,ENSG00000130287,NCAN,neurocan [Source:HGNC Symbol;Acc:HGNC:2465],"ENTREZGENE,HGNC,UNIPROT_GN,WIKIGENE"
STK33,ENSG00000130413,STK33,serine/threonine kinase 33 [Source:HGNC Symbol;Acc:HGNC:14568],"ENTREZGENE,HGNC,UNIPROT_GN,WIKIGENE"
ZNF317,ENSG00000130803,ZNF317,zinc finger protein 317 [Source:HGNC Symbol;Acc:HGNC:13507],"ENTREZGENE,HGNC,UNIPROT_GN,WIKIGENE"
SLC6A8,ENSG00000130821,SLC6A8,solute carrier family 6 member 8 [Source:HGNC Symbol;Acc:HGNC:11055],"ENTREZGENE,HGNC,UNIPROT_GN,WIKIGENE"
DKC1,ENSG00000130826,DKC1,dyskerin pseudouridine synthase 1 [Source:HGNC Symbol;Acc:HGNC:2890],"ENTREZGENE,HGNC,UNIPROT_GN,WIKIGENE"
ULBP2,ENSG00000131015,ULBP2,UL16 binding protein 2 [Source:HGNC Symbol;Acc:HGNC:14894],"ENTREZGENE,HGNC,UNIPROT_GN,WIKIGENE"
MCCC2,ENSG00000131844,MCCC2,methylcrotonyl-CoA carboxylase subunit 2 [Source:HGNC Symbol;Acc:HGNC:6937],"ENTREZGENE,HGNC,UNIPROT_GN,WIKIGENE"
DDC,ENSG00000132437,DDC,dopa decarboxylase [Source:HGNC Symbol;Acc:HGNC:2719],"ENTREZGENE,HGNC,UNIPROT_GN,WIKIGENE"
DDC,ENSG00000132437,DDC,dopa decarboxylase [Source:HGNC Symbol;Acc:HGNC:2719],"ENTREZGENE,HGNC,UNIPROT_GN,WIKIGENE"
GRSF1,ENSG00000132463,GRSF1,G-rich RNA sequence binding factor 1 [Source:HGNC Symbol;Acc:HGNC:4610],"ENTREZGENE,HGNC,UNIPROT_GN,WIKIGENE"
PRMT7,ENSG00000132600,PRMT7,protein arginine methyltransferase 7 [Source:HGNC Symbol;Acc:HGNC:25557],"ENTREZGENE,HGNC,UNIPROT_GN,WIKIGENE"
SYT11,ENSG00000132718,SYT11,synaptotagmin 11 [Source:HGNC Symbol;Acc:HGNC:19239],"ENTREZGENE,HGNC,UNIPROT_GN,WIKIGENE"
SYT4,ENSG00000132872,SYT4,synaptotagmin 4 [Source:HGNC Symbol;Acc:HGNC:11512],"ENTREZGENE,HGNC,UNIPROT_GN,WIKIGENE"
MKRN1,ENSG00000133606,MKRN1,makorin ring finger protein 1 [Source:HGNC Symbol;Acc:HGNC:7112],"ENTREZGENE,HGNC,UNIPROT_GN,WIKIGENE"
E2F5,ENSG00000133740,E2F5,E2F transcription factor 5 [Source:HGNC Symbol;Acc:HGNC:3119],"ENTREZGENE,HGNC,UNIPROT_GN,WIKIGENE"
TEX15,ENSG00000133863,TEX15,"testis expressed 15, meiosis and synapsis associated [Source:HGNC Symbol;Acc:HGNC:11738]","ENTREZGENE,HGNC,UNIPROT_GN,WIKIGENE"
MYCN,ENSG00000134323,MYCN,"MYCN proto-oncogene, bHLH transcription factor [Source:HGNC Symbol;Acc:HGNC:7559]","ENTREZGENE,HGNC,UNIPROT_GN,WIKIGENE"
MYCN,ENSG00000134323,MYCN,"MYCN proto-oncogene, bHLH transcription factor [Source:HGNC Symbol;Acc:HGNC:7559]","ENTREZGENE,HGNC,UNIPROT_GN,WIKIGENE"
CDK4,ENSG00000135446,CDK4,cyclin dependent kinase 4 [Source:HGNC Symbol;Acc:HGNC:1773],"ENTREZGENE,HGNC,UNIPROT_GN,WIKIGENE"
MAP7,ENSG00000135525,MAP7,microtubule associated protein 7 [Source:HGNC Symbol;Acc:HGNC:6869],"ENTREZGENE,HGNC,UNIPROT_GN,WIKIGENE"
MAP7,ENSG00000135525,MAP7,microtubule associated protein 7 [Source:HGNC Symbol;Acc:HGNC:6869],"ENTREZGENE,HGNC,UNIPROT_GN,WIKIGENE"
CHST5,ENSG00000135702,CHST5,carbohydrate sulfotransferase 5 [Source:HGNC Symbol;Acc:HGNC:1973],"ENTREZGENE,HGNC,UNIPROT_GN,WIKIGENE"
EGLN1,ENSG00000135766,EGLN1,egl-9 family hypoxia inducible factor 1 [Source:HGNC Symbol;Acc:HGNC:1232],"ENTREZGENE,HGNC,UNIPROT_GN,WIKIGENE"
STX6,ENSG00000135823,STX6,syntaxin 6 [Source:HGNC Symbol;Acc:HGNC:11441],"ENTREZGENE,HGNC,UNIPROT_GN,WIKIGENE"
FLNB,ENSG00000136068,FLNB,filamin B [Source:HGNC Symbol;Acc:HGNC:3755],"ENTREZGENE,HGNC,UNIPROT_GN,WIKIGENE"
IER3,ENSG00000137331,IER3,immediate early response 3 [Source:HGNC Symbol;Acc:HGNC:5392],"ENTREZGENE,HGNC,UNIPROT_GN,WIKIGENE"
KIF23,ENSG00000137807,KIF23,kinesin family member 23 [Source:HGNC Symbol;Acc:HGNC:6392],"ENTREZGENE,HGNC,UNIPROT_GN,WIKIGENE"
UBL7,ENSG00000138629,UBL7,ubiquitin like 7 [Source:HGNC Symbol;Acc:HGNC:28221],"ENTREZGENE,HGNC,UNIPROT_GN,WIKIGENE"
PDE5A,ENSG00000138735,PDE5A,phosphodiesterase 5A [Source:HGNC Symbol;Acc:HGNC:8784],"ENTREZGENE,HGNC,UNIPROT_GN,WIKIGENE"
DUSP6,ENSG00000139318,DUSP6,dual specificity phosphatase 6 [Source:HGNC Symbol;Acc:HGNC:3072],"ENTREZGENE,HGNC,UNIPROT_GN,WIKIGENE"
ASCL1,ENSG00000139352,ASCL1,achaete-scute family bHLH transcription factor 1 [Source:HGNC Symbol;Acc:HGNC:738],"ENTREZGENE,HGNC,UNIPROT_GN,WIKIGENE"
MBNL2,ENSG00000139793,MBNL2,muscleblind like splicing regulator 2 [Source:HGNC Symbol;Acc:HGNC:16746],"ENTREZGENE,HGNC,UNIPROT_GN,WIKIGENE"
RAB20,ENSG00000139832,RAB20,"RAB20, member RAS oncogene family [Source:HGNC Symbol;Acc:HGNC:18260]","ENTREZGENE,HGNC,UNIPROT_GN,WIKIGENE"
LYSMD2,ENSG00000140280,LYSMD2,LysM domain containing 2 [Source:HGNC Symbol;Acc:HGNC:28571],"ENTREZGENE,HGNC,UNIPROT_GN,WIKIGENE"
PMM2,ENSG00000140650,PMM2,phosphomannomutase 2 [Source:HGNC Symbol;Acc:HGNC:9115],"ENTREZGENE,HGNC,UNIPROT_GN,WIKIGENE"
SECTM1,ENSG00000141574,SECTM1,secreted and transmembrane 1 [Source:HGNC Symbol;Acc:HGNC:10707],"ENTREZGENE,HGNC,UNIPROT_GN,WIKIGENE"
PRKACB,ENSG00000142875,PRKACB,protein kinase cAMP-activated catalytic subunit beta [Source:HGNC Symbol;Acc:HGNC:9381],"ENTREZGENE,HGNC,UNIPROT_GN,WIKIGENE"
PRKACB,ENSG00000142875,PRKACB,protein kinase cAMP-activated catalytic subunit beta [Source:HGNC Symbol;Acc:HGNC:9381],"ENTREZGENE,HGNC,UNIPROT_GN,WIKIGENE"
PTPRF,ENSG00000142949,PTPRF,protein tyrosine phosphatase receptor type F [Source:HGNC Symbol;Acc:HGNC:9670],"ENTREZGENE,HGNC,UNIPROT_GN,WIKIGENE"
CRABP2,ENSG00000143320,CRABP2,cellular retinoic acid binding protein 2 [Source:HGNC Symbol;Acc:HGNC:2339],"ENTREZGENE,HGNC,UNIPROT_GN,WIKIGENE"
RGS16,ENSG00000143333,RGS16,regulator of G protein signaling 16 [Source:HGNC Symbol;Acc:HGNC:9997],"ENTREZGENE,HGNC,UNIPROT_GN,WIKIGENE"
PLEKHA6,ENSG00000143850,PLEKHA6,pleckstrin homology domain containing A6 [Source:HGNC Symbol;Acc:HGNC:17053],"ENTREZGENE,HGNC,UNIPROT_GN,WIKIGENE"
SLC20A1,ENSG00000144136,SLC20A1,solute carrier family 20 member 1 [Source:HGNC Symbol;Acc:HGNC:10946],"ENTREZGENE,HGNC,UNIPROT_GN,WIKIGENE"
ECE2,ENSG00000145194,ECE2,endothelin converting enzyme 2 [Source:HGNC Symbol;Acc:HGNC:13275],"ENTREZGENE,HGNC,UNIPROT_GN,WIKIGENE"
LYAR,ENSG00000145220,LYAR,Ly1 antibody reactive [Source:HGNC Symbol;Acc:HGNC:26021],"ENTREZGENE,HGNC,UNIPROT_GN,WIKIGENE"
EPHA5,ENSG00000145242,EPHA5,EPH receptor A5 [Source:HGNC Symbol;Acc:HGNC:3389],"ENTREZGENE,HGNC,UNIPROT_GN,WIKIGENE"
EPHA5,ENSG00000145242,EPHA5,EPH receptor A5 [Source:HGNC Symbol;Acc:HGNC:3389],"ENTREZGENE,HGNC,UNIPROT_GN,WIKIGENE"
CYP4V2,ENSG00000145476,CYP4V2,cytochrome P450 family 4 subfamily V member 2 [Source:HGNC Symbol;Acc:HGNC:23198],"ENTREZGENE,HGNC,UNIPROT_GN,WIKIGENE"
PLK2,ENSG00000145632,PLK2,polo like kinase 2 [Source:HGNC Symbol;Acc:HGNC:19699],"ENTREZGENE,HGNC,UNIPROT_GN,WIKIGENE"
PIK3R1,ENSG00000145675,PIK3R1,phosphoinositide-3-kinase regulatory subunit 1 [Source:HGNC Symbol;Acc:HGNC:8979],"ENTREZGENE,HGNC,UNIPROT_GN,WIKIGENE"
PIK3R1,ENSG00000145675,PIK3R1,phosphoinositide-3-kinase regulatory subunit 1 [Source:HGNC Symbol;Acc:HGNC:8979],"ENTREZGENE,HGNC,UNIPROT_GN,WIKIGENE"
WTAP,ENSG00000146457,WTAP,WT1 associated protein [Source:HGNC Symbol;Acc:HGNC:16846],"ENTREZGENE,HGNC,UNIPROT_GN,WIKIGENE"
CDCA5,ENSG00000146670,CDCA5,cell division cycle associated 5 [Source:HGNC Symbol;Acc:HGNC:14626],"ENTREZGENE,HGNC,UNIPROT_GN,WIKIGENE"
CDCA5,ENSG00000146670,CDCA5,cell division cycle associated 5 [Source:HGNC Symbol;Acc:HGNC:14626],"ENTREZGENE,HGNC,UNIPROT_GN,WIKIGENE"
CRH,ENSG00000147571,CRH,corticotropin releasing hormone [Source:HGNC Symbol;Acc:HGNC:2355],"ENTREZGENE,HGNC,UNIPROT_GN,WIKIGENE"
ADD3,ENSG00000148700,ADD3,adducin 3 [Source:HGNC Symbol;Acc:HGNC:245],"ENTREZGENE,HGNC,UNIPROT_GN,WIKIGENE"
YTHDF1,ENSG00000149658,YTHDF1,YTH N6-methyladenosine RNA binding protein 1 [Source:HGNC Symbol;Acc:HGNC:15867],"ENTREZGENE,HGNC,UNIPROT_GN,WIKIGENE"
ANO4,ENSG00000151572,ANO4,anoctamin 4 [Source:HGNC Symbol;Acc:HGNC:23837],"ENTREZGENE,HGNC,UNIPROT_GN,WIKIGENE"
INPP1,ENSG00000151689,INPP1,inositol polyphosphate-1-phosphatase [Source:HGNC Symbol;Acc:HGNC:6071],"ENTREZGENE,HGNC,UNIPROT_GN,WIKIGENE"
INPP1,ENSG00000151689,INPP1,inositol polyphosphate-1-phosphatase [Source:HGNC Symbol;Acc:HGNC:6071],"ENTREZGENE,HGNC,UNIPROT_GN,WIKIGENE"
MFSD6,ENSG00000151690,MFSD6,major facilitator superfamily domain containing 6 [Source:HGNC Symbol;Acc:HGNC:24711],"ENTREZGENE,HGNC,UNIPROT_GN,WIKIGENE"
RNF144A,ENSG00000151692,RNF144A,ring finger protein 144A [Source:HGNC Symbol;Acc:HGNC:20457],"ENTREZGENE,HGNC,UNIPROT_GN,WIKIGENE"
ASTN1,ENSG00000152092,ASTN1,astrotactin 1 [Source:HGNC Symbol;Acc:HGNC:773],"ENTREZGENE,HGNC,UNIPROT_GN,WIKIGENE"
PDK1,ENSG00000152256,PDK1,pyruvate dehydrogenase kinase 1 [Source:HGNC Symbol;Acc:HGNC:8809],"ENTREZGENE,HGNC,UNIPROT_GN,WIKIGENE"
PFKM,ENSG00000152556,PFKM,"phosphofructokinase, muscle [Source:HGNC Symbol;Acc:HGNC:8877]","ENTREZGENE,HGNC,UNIPROT_GN,WIKIGENE"
PELO,ENSG00000152684,PELO,pelota mRNA surveillance and ribosome rescue factor [Source:HGNC Symbol;Acc:HGNC:8829],"ENTREZGENE,HGNC,UNIPROT_GN,WIKIGENE"
ANAPC1,ENSG00000153107,ANAPC1,anaphase promoting complex subunit 1 [Source:HGNC Symbol;Acc:HGNC:19988],"ENTREZGENE,HGNC,UNIPROT_GN,WIKIGENE"
SCN3A,ENSG00000153253,SCN3A,sodium voltage-gated channel alpha subunit 3 [Source:HGNC Symbol;Acc:HGNC:10590],"ENTREZGENE,HGNC,UNIPROT_GN,WIKIGENE"
HS2ST1,ENSG00000153936,HS2ST1,heparan sulfate 2-O-sulfotransferase 1 [Source:HGNC Symbol;Acc:HGNC:5193],"ENTREZGENE,HGNC,UNIPROT_GN,WIKIGENE"
FAM167A,ENSG00000154319,FAM167A,family with sequence similarity 167 member A [Source:HGNC Symbol;Acc:HGNC:15549],"ENTREZGENE,HGNC,UNIPROT_GN,WIKIGENE"
RAB6B,ENSG00000154917,RAB6B,"RAB6B, member RAS oncogene family [Source:HGNC Symbol;Acc:HGNC:14902]","ENTREZGENE,HGNC,UNIPROT_GN,WIKIGENE"
PTPRN2,ENSG00000155093,PTPRN2,protein tyrosine phosphatase receptor type N2 [Source:HGNC Symbol;Acc:HGNC:9677],"ENTREZGENE,HGNC,UNIPROT_GN,WIKIGENE"
PTPRN2,ENSG00000155093,PTPRN2,protein tyrosine phosphatase receptor type N2 [Source:HGNC Symbol;Acc:HGNC:9677],"ENTREZGENE,HGNC,UNIPROT_GN,WIKIGENE"
RHOC,ENSG00000155366,RHOC,ras homolog family member C [Source:HGNC Symbol;Acc:HGNC:669],"ENTREZGENE,HGNC,UNIPROT_GN,WIKIGENE"
ATAD2,ENSG00000156802,ATAD2,ATPase family AAA domain containing 2 [Source:HGNC Symbol;Acc:HGNC:30123],"ENTREZGENE,HGNC,UNIPROT_GN,WIKIGENE"
CELF3,ENSG00000159409,CELF3,CUGBP Elav-like family member 3 [Source:HGNC Symbol;Acc:HGNC:11967],"ENTREZGENE,HGNC,UNIPROT_GN,WIKIGENE"
TPPP3,ENSG00000159713,TPPP3,tubulin polymerization promoting protein family member 3 [Source:HGNC Symbol;Acc:HGNC:24162],"ENTREZGENE,HGNC,UNIPROT_GN,WIKIGENE"
RAVER1,ENSG00000161847,RAVER1,"ribonucleoprotein, PTB binding 1 [Source:HGNC Symbol;Acc:HGNC:30296]","ENTREZGENE,HGNC,UNIPROT_GN,WIKIGENE"
ELAVL4,ENSG00000162374,ELAVL4,ELAV like RNA binding protein 4 [Source:HGNC Symbol;Acc:HGNC:3315],"ENTREZGENE,HGNC,UNIPROT_GN,WIKIGENE"
AK4,ENSG00000162433,AK4,adenylate kinase 4 [Source:HGNC Symbol;Acc:HGNC:363],"ENTREZGENE,HGNC,UNIPROT_GN,WIKIGENE"
RAVER2,ENSG00000162437,RAVER2,"ribonucleoprotein, PTB binding 2 [Source:HGNC Symbol;Acc:HGNC:25577]","ENTREZGENE,HGNC,UNIPROT_GN,WIKIGENE"
CAMK2N1,ENSG00000162545,CAMK2N1,calcium/calmodulin dependent protein kinase II inhibitor 1 [Source:HGNC Symbol;Acc:HGNC:24190],"ENTREZGENE,HGNC,UNIPROT_GN,WIKIGENE"
DIRAS3,ENSG00000162595,DIRAS3,DIRAS family GTPase 3 [Source:HGNC Symbol;Acc:HGNC:687],"ENTREZGENE,HGNC,UNIPROT_GN,WIKIGENE"
ARHGEF3,ENSG00000163947,ARHGEF3,Rho guanine nucleotide exchange factor 3 [Source:HGNC Symbol;Acc:HGNC:683],"ENTREZGENE,HGNC,UNIPROT_GN,WIKIGENE"
ARHGEF3,ENSG00000163947,ARHGEF3,Rho guanine nucleotide exchange factor 3 [Source:HGNC Symbol;Acc:HGNC:683],"ENTREZGENE,HGNC,UNIPROT_GN,WIKIGENE"
SLBP,ENSG00000163950,SLBP,stem-loop binding protein [Source:HGNC Symbol;Acc:HGNC:10904],"ENTREZGENE,HGNC,UNIPROT_GN,WIKIGENE"
RHOBTB3,ENSG00000164292,RHOBTB3,Rho related BTB domain containing 3 [Source:HGNC Symbol;Acc:HGNC:18757],"ENTREZGENE,HGNC,UNIPROT_GN,WIKIGENE"
KIAA0895,ENSG00000164542,KIAA0895,KIAA0895 [Source:HGNC Symbol;Acc:HGNC:22206],"ENTREZGENE,HGNC,UNIPROT_GN,WIKIGENE"
GPR85,ENSG00000164604,GPR85,G protein-coupled receptor 85 [Source:HGNC Symbol;Acc:HGNC:4536],"ENTREZGENE,HGNC,UNIPROT_GN,WIKIGENE"
CTSB,ENSG00000164733,CTSB,cathepsin B [Source:HGNC Symbol;Acc:HGNC:2527],"ENTREZGENE,HGNC,UNIPROT_GN,WIKIGENE"
TP53INP1,ENSG00000164938,TP53INP1,tumor protein p53 inducible nuclear protein 1 [Source:HGNC Symbol;Acc:HGNC:18022],"ENTREZGENE,HGNC,UNIPROT_GN,WIKIGENE"
SKA3,ENSG00000165480,SKA3,spindle and kinetochore associated complex subunit 3 [Source:HGNC Symbol;Acc:HGNC:20262],"ENTREZGENE,HGNC,UNIPROT_GN,WIKIGENE"
MFAP4,ENSG00000166482,MFAP4,microfibril associated protein 4 [Source:HGNC Symbol;Acc:HGNC:7035],"ENTREZGENE,HGNC,UNIPROT_GN,WIKIGENE"
ZNF608,ENSG00000168916,ZNF608,zinc finger protein 608 [Source:HGNC Symbol;Acc:HGNC:29238],"ENTREZGENE,HGNC,UNIPROT_GN,WIKIGENE"
TPST1,ENSG00000169902,TPST1,tyrosylprotein sulfotransferase 1 [Source:HGNC Symbol;Acc:HGNC:12020],"ENTREZGENE,HGNC,UNIPROT_GN,WIKIGENE"
HOXD4,ENSG00000170166,HOXD4,homeobox D4 [Source:HGNC Symbol;Acc:HGNC:5138],"ENTREZGENE,HGNC,UNIPROT_GN,WIKIGENE"
CRTAP,ENSG00000170275,CRTAP,cartilage associated protein [Source:HGNC Symbol;Acc:HGNC:2379],"ENTREZGENE,HGNC,UNIPROT_GN,WIKIGENE"
MTSS1,ENSG00000170873,MTSS1,MTSS I-BAR domain containing 1 [Source:HGNC Symbol;Acc:HGNC:20443],"ENTREZGENE,HGNC,UNIPROT_GN,WIKIGENE"
PKIA,ENSG00000171033,PKIA,cAMP-dependent protein kinase inhibitor alpha [Source:HGNC Symbol;Acc:HGNC:9017],"ENTREZGENE,HGNC,UNIPROT_GN,WIKIGENE"
ECEL1,ENSG00000171551,ECEL1,endothelin converting enzyme like 1 [Source:HGNC Symbol;Acc:HGNC:3147],"ENTREZGENE,HGNC,UNIPROT_GN,WIKIGENE"
ECEL1,ENSG00000171551,ECEL1,endothelin converting enzyme like 1 [Source:HGNC Symbol;Acc:HGNC:3147],"ENTREZGENE,HGNC,UNIPROT_GN,WIKIGENE"
CLSTN1,ENSG00000171603,CLSTN1,calsyntenin 1 [Source:HGNC Symbol;Acc:HGNC:17447],"ENTREZGENE,HGNC,UNIPROT_GN,WIKIGENE"
CLSTN1,ENSG00000171603,CLSTN1,calsyntenin 1 [Source:HGNC Symbol;Acc:HGNC:17447],"ENTREZGENE,HGNC,UNIPROT_GN,WIKIGENE"
CAMTA1,ENSG00000171735,CAMTA1,calmodulin binding transcription activator 1 [Source:HGNC Symbol;Acc:HGNC:18806],"ENTREZGENE,HGNC,UNIPROT_GN,WIKIGENE"
RRM2,ENSG00000171848,RRM2,ribonucleotide reductase regulatory subunit M2 [Source:HGNC Symbol;Acc:HGNC:10452],"ENTREZGENE,HGNC,UNIPROT_GN,WIKIGENE"
SCG2,ENSG00000171951,SCG2,secretogranin II [Source:HGNC Symbol;Acc:HGNC:10575],"ENTREZGENE,HGNC,UNIPROT_GN,WIKIGENE"
SCG2,ENSG00000171951,SCG2,secretogranin II [Source:HGNC Symbol;Acc:HGNC:10575],"ENTREZGENE,HGNC,UNIPROT_GN,WIKIGENE"
SYNPO2,ENSG00000172403,SYNPO2,synaptopodin 2 [Source:HGNC Symbol;Acc:HGNC:17732],"ENTREZGENE,HGNC,UNIPROT_GN,WIKIGENE"
DHCR7,ENSG00000172893,DHCR7,7-dehydrocholesterol reductase [Source:HGNC Symbol;Acc:HGNC:2860],"ENTREZGENE,HGNC,UNIPROT_GN,WIKIGENE"
SUSD5,ENSG00000173705,SUSD5,sushi domain containing 5 [Source:HGNC Symbol;Acc:HGNC:29061],"ENTREZGENE,HGNC,UNIPROT_GN,WIKIGENE"
FAM174A,ENSG00000174132,FAM174A,family with sequence similarity 174 member A [Source:HGNC Symbol;Acc:HGNC:24943],"ENTREZGENE,HGNC,UNIPROT_GN,WIKIGENE"
ZBTB4,ENSG00000174282,ZBTB4,zinc finger and BTB domain containing 4 [Source:HGNC Symbol;Acc:HGNC:23847],"ENTREZGENE,HGNC,UNIPROT_GN,WIKIGENE"
KCTD13,ENSG00000174943,KCTD13,potassium channel tetramerization domain containing 13 [Source:HGNC Symbol;Acc:HGNC:22234],"ENTREZGENE,HGNC,UNIPROT_GN,WIKIGENE"
ZNF25,ENSG00000175395,ZNF25,zinc finger protein 25 [Source:HGNC Symbol;Acc:HGNC:13043],"ENTREZGENE,HGNC,UNIPROT_GN,WIKIGENE"
ARL4D,ENSG00000175906,ARL4D,ADP ribosylation factor like GTPase 4D [Source:HGNC Symbol;Acc:HGNC:656],"ENTREZGENE,HGNC,UNIPROT_GN,WIKIGENE"
MYPOP,ENSG00000176182,MYPOP,"Myb related transcription factor, partner of profilin [Source:HGNC Symbol;Acc:HGNC:20178]","ENTREZGENE,HGNC,UNIPROT_GN,WIKIGENE"
TYMS,ENSG00000176890,TYMS,thymidylate synthetase [Source:HGNC Symbol;Acc:HGNC:12441],"ENTREZGENE,HGNC,UNIPROT_GN,WIKIGENE"
TYMS,ENSG00000176890,TYMS,thymidylate synthetase [Source:HGNC Symbol;Acc:HGNC:12441],"ENTREZGENE,HGNC,UNIPROT_GN,WIKIGENE"
NHLH2,ENSG00000177551,NHLH2,nescient helix-loop-helix 2 [Source:HGNC Symbol;Acc:HGNC:7818],"ENTREZGENE,HGNC,UNIPROT_GN,WIKIGENE"
IMPDH2,ENSG00000178035,IMPDH2,inosine monophosphate dehydrogenase 2 [Source:HGNC Symbol;Acc:HGNC:6053],"ENTREZGENE,HGNC,UNIPROT_GN,WIKIGENE"
PDE4DIP,ENSG00000178104,PDE4DIP,phosphodiesterase 4D interacting protein [Source:HGNC Symbol;Acc:HGNC:15580],"ENTREZGENE,HGNC,UNIPROT_GN,WIKIGENE"
CSRNP3,ENSG00000178662,CSRNP3,cysteine and serine rich nuclear protein 3 [Source:HGNC Symbol;Acc:HGNC:30729],"ENTREZGENE,HGNC,UNIPROT_GN,WIKIGENE"
KCTD12,ENSG00000178695,KCTD12,potassium channel tetramerization domain containing 12 [Source:HGNC Symbol;Acc:HGNC:14678],"ENTREZGENE,HGNC,UNIPROT_GN,WIKIGENE"
DCTPP1,ENSG00000179958,DCTPP1,dCTP pyrophosphatase 1 [Source:HGNC Symbol;Acc:HGNC:28777],"ENTREZGENE,HGNC,UNIPROT_GN,WIKIGENE"
CADM1,ENSG00000182985,CADM1,cell adhesion molecule 1 [Source:HGNC Symbol;Acc:HGNC:5951],"ENTREZGENE,HGNC,UNIPROT_GN,WIKIGENE"
CADM1,ENSG00000182985,CADM1,cell adhesion molecule 1 [Source:HGNC Symbol;Acc:HGNC:5951],"ENTREZGENE,HGNC,UNIPROT_GN,WIKIGENE"
PYCR1,ENSG00000183010,PYCR1,pyrroline-5-carboxylate reductase 1 [Source:HGNC Symbol;Acc:HGNC:9721],"ENTREZGENE,HGNC,UNIPROT_GN,WIKIGENE"
ZNRF3,ENSG00000183579,ZNRF3,zinc and ring finger 3 [Source:HGNC Symbol;Acc:HGNC:18126],"ENTREZGENE,HGNC,UNIPROT_GN,WIKIGENE"
NUDT14,ENSG00000183828,NUDT14,nudix hydrolase 14 [Source:HGNC Symbol;Acc:HGNC:20141],"ENTREZGENE,HGNC,UNIPROT_GN,WIKIGENE"
NOC4L,ENSG00000184967,NOC4L,nucleolar complex associated 4 homolog [Source:HGNC Symbol;Acc:HGNC:28461],"ENTREZGENE,HGNC,UNIPROT_GN,WIKIGENE"
MAFF,ENSG00000185022,MAFF,MAF bZIP transcription factor F [Source:HGNC Symbol;Acc:HGNC:6780],"ENTREZGENE,HGNC,UNIPROT_GN,WIKIGENE"
NRBP2,ENSG00000185189,NRBP2,nuclear receptor binding protein 2 [Source:HGNC Symbol;Acc:HGNC:19339],"ENTREZGENE,HGNC,UNIPROT_GN,WIKIGENE"
SOCS1,ENSG00000185338,SOCS1,suppressor of cytokine signaling 1 [Source:HGNC Symbol;Acc:HGNC:19383],"ENTREZGENE,HGNC,UNIPROT_GN,WIKIGENE"
SH3BGR,ENSG00000185437,SH3BGR,SH3 domain binding glutamate rich protein [Source:HGNC Symbol;Acc:HGNC:10822],"ENTREZGENE,HGNC,UNIPROT_GN,WIKIGENE"
IRF7,ENSG00000185507,IRF7,interferon regulatory factor 7 [Source:HGNC Symbol;Acc:HGNC:6122],"ENTREZGENE,HGNC,UNIPROT_GN,WIKIGENE"
DLK1,ENSG00000185559,DLK1,delta like non-canonical Notch ligand 1 [Source:HGNC Symbol;Acc:HGNC:2907],"ENTREZGENE,HGNC,UNIPROT_GN,WIKIGENE"
PRAME,ENSG00000185686,PRAME,PRAME nuclear receptor transcriptional regulator [Source:HGNC Symbol;Acc:HGNC:9336],"ENTREZGENE,HGNC,UNIPROT_GN,WIKIGENE"
TRIM69,ENSG00000185880,TRIM69,tripartite motif containing 69 [Source:HGNC Symbol;Acc:HGNC:17857],"ENTREZGENE,HGNC,UNIPROT_GN,WIKIGENE"
GABRA5,ENSG00000186297,GABRA5,gamma-aminobutyric acid type A receptor subunit alpha5 [Source:HGNC Symbol;Acc:HGNC:4079],"ENTREZGENE,HGNC,UNIPROT_GN,WIKIGENE"
UBE2H,ENSG00000186591,UBE2H,ubiquitin conjugating enzyme E2 H [Source:HGNC Symbol;Acc:HGNC:12484],"ENTREZGENE,HGNC,UNIPROT_GN,WIKIGENE"
HPDL,ENSG00000186603,HPDL,4-hydroxyphenylpyruvate dioxygenase like [Source:HGNC Symbol;Acc:HGNC:28242],"ENTREZGENE,HGNC,UNIPROT_GN,WIKIGENE"
MAPT,ENSG00000186868,MAPT,microtubule associated protein tau [Source:HGNC Symbol;Acc:HGNC:6893],"ENTREZGENE,HGNC,UNIPROT_GN,WIKIGENE"
MAPT,ENSG00000186868,MAPT,microtubule associated protein tau [Source:HGNC Symbol;Acc:HGNC:6893],"ENTREZGENE,HGNC,UNIPROT_GN,WIKIGENE"
ERCC6L,ENSG00000186871,ERCC6L,"ERCC excision repair 6 like, spindle assembly checkpoint helicase [Source:HGNC Symbol;Acc:HGNC:20794]","ENTREZGENE,HGNC,UNIPROT_GN,WIKIGENE"
AKR1C1,ENSG00000187134,AKR1C1,aldo-keto reductase family 1 member C1 [Source:HGNC Symbol;Acc:HGNC:384],"ENTREZGENE,HGNC,UNIPROT_GN,WIKIGENE"
AKR1C1,ENSG00000187134,AKR1C1,aldo-keto reductase family 1 member C1 [Source:HGNC Symbol;Acc:HGNC:384],"ENTREZGENE,HGNC,UNIPROT_GN,WIKIGENE"
SESTD1,ENSG00000187231,SESTD1,SEC14 and spectrin domain containing 1 [Source:HGNC Symbol;Acc:HGNC:18379],"ENTREZGENE,HGNC,UNIPROT_GN,WIKIGENE"
DNER,ENSG00000187957,DNER,delta/notch like EGF repeat containing [Source:HGNC Symbol;Acc:HGNC:24456],"ENTREZGENE,HGNC,UNIPROT_GN,WIKIGENE"
UBQLN2,ENSG00000188021,UBQLN2,ubiquilin 2 [Source:HGNC Symbol;Acc:HGNC:12509],"ENTREZGENE,HGNC,UNIPROT_GN,WIKIGENE"
METTL9,ENSG00000197006,METTL9,methyltransferase like 9 [Source:HGNC Symbol;Acc:HGNC:24586],"ENTREZGENE,HGNC,UNIPROT_GN,WIKIGENE"
KLHL14,ENSG00000197705,KLHL14,kelch like family member 14 [Source:HGNC Symbol;Acc:HGNC:29266],"ENTREZGENE,HGNC,UNIPROT_GN,WIKIGENE"
NTRK1,ENSG00000198400,NTRK1,neurotrophic receptor tyrosine kinase 1 [Source:HGNC Symbol;Acc:HGNC:8031],"ENTREZGENE,HGNC,UNIPROT_GN,WIKIGENE"
NTRK1,ENSG00000198400,NTRK1,neurotrophic receptor tyrosine kinase 1 [Source:HGNC Symbol;Acc:HGNC:8031],"ENTREZGENE,HGNC,UNIPROT_GN,WIKIGENE"
SH3BGRL2,ENSG00000198478,SH3BGRL2,SH3 domain binding glutamate rich protein like 2 [Source:HGNC Symbol;Acc:HGNC:15567],"ENTREZGENE,HGNC,UNIPROT_GN,WIKIGENE"
TGM2,ENSG00000198959,TGM2,transglutaminase 2 [Source:HGNC Symbol;Acc:HGNC:11778],"ENTREZGENE,HGNC,UNIPROT_GN,WIKIGENE"
FAM36A,ENSG00000203667,COX20,cytochrome c oxidase assembly factor COX20 [Source:HGNC Symbol;Acc:HGNC:26970],UNIPROT_GN
TMEM170B,ENSG00000205269,TMEM170B,transmembrane protein 170B [Source:HGNC Symbol;Acc:HGNC:34244],"ENTREZGENE,HGNC,UNIPROT_GN,WIKIGENE"
IGHV3-20,ENSG00000211946,IGHV3-20,immunoglobulin heavy variable 3-20 [Source:HGNC Symbol;Acc:HGNC:5585],HGNC
DDAH2,ENSG00000213722,DDAH2,dimethylarginine dimethylaminohydrolase 2 [Source:HGNC Symbol;Acc:HGNC:2716],"ENTREZGENE,HGNC,UNIPROT_GN,WIKIGENE"
KLRK1,ENSG00000213809,KLRK1,killer cell lectin like receptor K1 [Source:HGNC Symbol;Acc:HGNC:18788],"ENTREZGENE,HGNC,UNIPROT_GN,WIKIGENE"
TNFRSF25,ENSG00000215788,TNFRSF25,TNF receptor superfamily member 25 [Source:HGNC Symbol;Acc:HGNC:11910],"ENTREZGENE,HGNC,UNIPROT_GN,WIKIGENE"
NME1,ENSG00000239672,NME1,NME/NM23 nucleoside diphosphate kinase 1 [Source:HGNC Symbol;Acc:HGNC:7849],"ENTREZGENE,HGNC,UNIPROT_GN,WIKIGENE"
NME1,ENSG00000239672,NME1,NME/NM23 nucleoside diphosphate kinase 1 [Source:HGNC Symbol;Acc:HGNC:7849],"ENTREZGENE,HGNC,UNIPROT_GN,WIKIGENE"
NME1,ENSG00000239672,NME1,NME/NM23 nucleoside diphosphate kinase 1 [Source:HGNC Symbol;Acc:HGNC:7849],"ENTREZGENE,HGNC,UNIPROT_GN,WIKIGENE"
IGKV1-16,ENSG00000240864,IGKV1-16,immunoglobulin kappa variable 1-16 [Source:HGNC Symbol;Acc:HGNC:5732],"HGNC,UNIPROT_GN"
MTFP1,ENSG00000242114,MTFP1,mitochondrial fission process 1 [Source:HGNC Symbol;Acc:HGNC:26945],"ENTREZGENE,HGNC,UNIPROT_GN,WIKIGENE"
TMEM150C,ENSG00000249242,TMEM150C,transmembrane protein 150C [Source:HGNC Symbol;Acc:HGNC:37263],"ENTREZGENE,HGNC,UNIPROT_GN,WIKIGENE"
MRPL45,ENSG00000278845,MRPL45,mitochondrial ribosomal protein L45 [Source:HGNC Symbol;Acc:HGNC:16651],"ENTREZGENE,HGNC,UNIPROT_GN,WIKIGENE"
METT14,ENSG00000145388,None,None,
C10ORF26,ENSG00000166272,None,None,
C19ORF43,ENSG00000123144 ,None,None,
C1ORF114,ENSG00000117477,None,None,
C1ORF97,ENSG00000153363,None,None,
CPSG3,None,None,None,
C20ORF72,ENSG00000125871,None,None,
C4ORF34,ENSG00000163683 ,None,None,
C5ORF41,ENSG00000164463,None,None,
C7ORF60,ENSG00000164603,None,None,
DDEF2,ENSG00000151693,None,None,
C9ORF95,ENSG00000106733,None,None,
FLJ10357,ENSG00000165801,None,None,
FLJ12584,ENSG00000135931,None,None,
DIMT1L,ENSG00000086189,None,None,
ISGF3G,ENSG00000213928,None,None,
EIF2C4,ENSG00000134698,None,None,
FAM134B,ENSG00000154153,None,None,
OIP106,ENSG00000182606 ,None,None,
FAM190B,ENSG00000107771,None,None,
FAM82A2,ENSG00000137824,None,None,
FAM85A,None,None,None,
HMP19,ENSG00000170091,None,None,
IARS,ENSG00000196305,None,None,
KIAA0226,ENSG00000145016 ,None,None,
LOC442075,None,None,None,
NAT15,ENSG00000122390,None,None,
RAGE,ENSG00000204305 ,None,None,
